C1,C2,C3,C4,C5,C6,C7,C8,C9,label
1,1,1,1,0,0,1,0,0,1
1,1,1,1,0,0,0,1,0,1
1,1,1,1,0,0,0,0,1,1
1,1,1,1,0,0,0,2,2,1
1,1,1,1,0,0,2,0,2,1
1,1,1,1,0,0,2,2,0,1
1,1,1,1,0,2,0,0,2,1
1,1,1,1,0,2,0,2,0,1
1,1,1,1,0,2,2,0,0,1
1,1,1,1,2,0,0,0,2,1
1,1,1,1,2,0,0,2,0,1
1,1,1,1,2,0,2,0,0,1
1,1,1,0,1,0,1,0,0,1
1,1,1,0,1,0,0,1,0,1
1,1,1,0,1,0,0,0,1,1
1,1,1,0,1,0,0,2,2,1
1,1,1,0,1,0,2,0,2,1
1,1,1,0,1,0,2,2,0,1
1,1,1,0,1,2,0,0,2,1
1,1,1,0,1,2,0,2,0,1
1,1,1,0,1,2,2,0,0,1
1,1,1,0,0,1,1,0,0,1
1,1,1,0,0,1,0,1,0,1
1,1,1,0,0,1,0,0,1,1
1,1,1,0,0,1,0,2,2,1
1,1,1,0,0,1,2,0,2,1
1,1,1,0,0,1,2,2,0,1
1,1,1,0,0,2,1,0,2,1
1,1,1,0,0,2,1,2,0,1
1,1,1,0,0,2,0,1,2,1
1,1,1,0,0,2,0,2,1,1
1,1,1,0,0,2,2,1,0,1
1,1,1,0,0,2,2,0,1,1
1,1,1,0,0,2,2,2,2,1
1,1,1,0,2,1,0,0,2,1
1,1,1,0,2,1,0,2,0,1
1,1,1,0,2,1,2,0,0,1
1,1,1,0,2,0,1,0,2,1
1,1,1,0,2,0,1,2,0,1
1,1,1,0,2,0,0,1,2,1
1,1,1,0,2,0,0,2,1,1
1,1,1,0,2,0,2,1,0,1
1,1,1,0,2,0,2,0,1,1
1,1,1,0,2,0,2,2,2,1
1,1,1,0,2,2,1,0,0,1
1,1,1,0,2,2,0,1,0,1
1,1,1,0,2,2,0,0,1,1
1,1,1,0,2,2,0,2,2,1
1,1,1,0,2,2,2,0,2,1
1,1,1,0,2,2,2,2,0,1
1,1,1,2,1,0,0,0,2,1
1,1,1,2,1,0,0,2,0,1
1,1,1,2,1,0,2,0,0,1
1,1,1,2,0,1,0,0,2,1
1,1,1,2,0,1,0,2,0,1
1,1,1,2,0,1,2,0,0,1
1,1,1,2,0,0,1,0,2,1
1,1,1,2,0,0,1,2,0,1
1,1,1,2,0,0,0,1,2,1
1,1,1,2,0,0,0,2,1,1
1,1,1,2,0,0,2,1,0,1
1,1,1,2,0,0,2,0,1,1
1,1,1,2,0,0,2,2,2,1
1,1,1,2,0,2,1,0,0,1
1,1,1,2,0,2,0,1,0,1
1,1,1,2,0,2,0,0,1,1
1,1,1,2,0,2,0,2,2,1
1,1,1,2,0,2,2,0,2,1
1,1,1,2,0,2,2,2,0,1
1,1,1,2,2,0,1,0,0,1
1,1,1,2,2,0,0,1,0,1
1,1,1,2,2,0,0,0,1,1
1,1,1,2,2,0,0,2,2,1
1,1,1,2,2,0,2,0,2,1
1,1,1,2,2,0,2,2,0,1
1,1,1,2,2,2,0,0,2,1
1,1,1,2,2,2,0,2,0,1
1,1,1,2,2,2,2,0,0,1
1,1,0,1,1,0,0,0,1,1
1,1,0,1,0,1,1,0,0,1
1,1,0,1,0,0,1,0,1,1
1,1,0,1,0,0,1,2,2,1
1,1,0,1,0,2,1,0,2,1
1,1,0,1,0,2,1,2,0,1
1,1,0,1,2,0,1,0,2,1
1,1,0,1,2,2,1,0,0,1
1,1,0,0,1,1,0,1,0,1
1,1,0,0,1,1,0,0,1,1
1,1,0,0,1,0,1,0,1,1
1,1,0,0,1,0,0,1,1,1
1,1,0,0,1,0,2,1,2,1
1,1,0,0,1,0,2,2,1,1
1,1,0,0,1,2,0,1,2,1
1,1,0,0,1,2,0,2,1,1
1,1,0,0,1,2,2,1,0,1
1,1,0,0,1,2,2,0,1,1
1,1,0,2,1,0,0,1,2,1
1,1,0,2,1,0,0,2,1,1
1,1,0,2,1,0,2,0,1,1
1,1,0,2,1,2,0,1,0,1
1,1,0,2,1,2,0,0,1,1
1,1,2,1,0,0,1,0,2,1
1,1,2,1,0,0,1,2,0,1
1,1,2,1,0,2,1,0,0,1
1,1,2,1,2,0,1,0,0,1
1,1,2,0,1,0,0,1,2,1
1,1,2,0,1,0,0,2,1,1
1,1,2,0,1,0,2,1,0,1
1,1,2,0,1,0,2,0,1,1
1,1,2,0,1,2,0,1,0,1
1,1,2,0,1,2,0,0,1,1
1,1,2,2,1,0,0,1,0,1
1,1,2,2,1,0,0,0,1,1
1,0,1,1,1,0,1,0,0,1
1,0,1,1,1,0,0,0,1,1
1,0,1,1,0,0,1,1,0,1
1,0,1,1,0,0,1,2,2,1
1,0,1,1,0,2,1,2,0,1
1,0,1,1,2,0,1,0,2,1
1,0,1,1,2,0,1,2,0,1
1,0,1,1,2,2,1,0,0,1
1,0,1,0,1,1,1,0,0,1
1,0,1,0,1,1,0,0,1,1
1,0,1,0,1,0,1,1,0,1
1,0,1,0,1,0,1,0,1,1
1,0,1,0,1,0,1,2,2,1
1,0,1,0,1,0,0,1,1,1
1,0,1,0,1,0,2,2,1,1
1,0,1,0,1,2,1,0,2,1
1,0,1,0,1,2,1,2,0,1
1,0,1,0,1,2,0,2,1,1
1,0,1,0,1,2,2,0,1,1
1,0,1,0,0,1,0,1,1,1
1,0,1,0,0,1,2,2,1,1
1,0,1,0,2,1,0,2,1,1
1,0,1,0,2,1,2,0,1,1
1,0,1,2,1,0,1,0,2,1
1,0,1,2,1,0,1,2,0,1
1,0,1,2,1,0,0,2,1,1
1,0,1,2,1,0,2,0,1,1
1,0,1,2,1,2,1,0,0,1
1,0,1,2,1,2,0,0,1,1
1,0,1,2,0,1,0,2,1,1
1,0,1,2,2,1,0,0,1,1
1,0,0,1,1,1,1,0,0,1
1,0,0,1,1,1,0,1,0,1
1,0,0,1,1,1,0,0,1,1
1,0,0,1,1,1,0,2,2,1
1,0,0,1,1,1,2,0,2,1
1,0,0,1,1,1,2,2,0,1
1,0,0,1,1,0,1,0,1,1
1,0,0,1,1,0,1,2,2,1
1,0,0,1,1,0,0,1,1,1
1,0,0,1,1,0,2,2,1,1
1,0,0,1,1,2,1,0,2,1
1,0,0,1,1,2,1,2,0,1
1,0,0,1,1,2,0,2,1,1
1,0,0,1,1,2,2,0,1,1
1,0,0,1,0,1,1,1,0,1
1,0,0,1,0,1,1,2,2,1
1,0,0,1,0,0,1,1,1,1
1,0,0,1,0,2,1,1,2,1
1,0,0,1,0,2,1,2,1,1
1,0,0,1,2,1,1,0,2,1
1,0,0,1,2,1,1,2,0,1
1,0,0,1,2,0,1,1,2,1
1,0,0,1,2,0,1,2,1,1
1,0,0,1,2,2,1,1,0,1
1,0,0,1,2,2,1,0,1,1
1,0,0,1,2,2,1,2,2,1
1,0,0,0,1,1,1,0,1,1
1,0,0,0,1,1,0,1,1,1
1,0,0,0,1,1,2,2,1,1
1,0,0,0,1,0,1,1,1,1
1,0,0,0,1,2,1,2,1,1
1,0,0,0,1,2,2,1,1,1
1,0,0,0,0,1,1,1,1,1
1,0,0,0,2,2,1,1,1,1
1,0,0,2,1,1,0,2,1,1
1,0,0,2,1,1,2,0,1,1
1,0,0,2,1,0,1,2,1,1
1,0,0,2,1,0,2,1,1,1
1,0,0,2,1,2,1,0,1,1
1,0,0,2,1,2,0,1,1,1
1,0,0,2,1,2,2,2,1,1
1,0,0,2,0,2,1,1,1,1
1,0,0,2,2,0,1,1,1,1
1,0,2,1,1,1,0,0,2,1
1,0,2,1,1,1,0,2,0,1
1,0,2,1,1,1,2,0,0,1
1,0,2,1,1,0,1,0,2,1
1,0,2,1,1,0,1,2,0,1
1,0,2,1,1,0,0,2,1,1
1,0,2,1,1,0,2,0,1,1
1,0,2,1,1,2,1,0,0,1
1,0,2,1,1,2,0,0,1,1
1,0,2,1,0,1,1,2,0,1
1,0,2,1,0,0,1,1,2,1
1,0,2,1,0,0,1,2,1,1
1,0,2,1,0,2,1,1,0,1
1,0,2,1,0,2,1,2,2,1
1,0,2,1,2,1,1,0,0,1
1,0,2,1,2,0,1,1,0,1
1,0,2,1,2,0,1,0,1,1
1,0,2,1,2,0,1,2,2,1
1,0,2,1,2,2,1,0,2,1
1,0,2,1,2,2,1,2,0,1
1,0,2,0,1,1,0,2,1,1
1,0,2,0,1,1,2,0,1,1
1,0,2,0,1,0,1,2,1,1
1,0,2,0,1,0,2,1,1,1
1,0,2,0,1,2,1,0,1,1
1,0,2,0,1,2,0,1,1,1
1,0,2,0,1,2,2,2,1,1
1,0,2,0,0,2,1,1,1,1
1,0,2,0,2,0,1,1,1,1
1,0,2,2,1,1,0,0,1,1
1,0,2,2,1,0,1,0,1,1
1,0,2,2,1,0,0,1,1,1
1,0,2,2,1,0,2,2,1,1
1,0,2,2,1,2,0,2,1,1
1,0,2,2,1,2,2,0,1,1
1,0,2,2,0,0,1,1,1,1
1,2,1,1,0,0,1,0,2,1
1,2,1,1,0,0,1,2,0,1
1,2,1,1,0,2,1,0,0,1
1,2,1,1,2,0,1,0,0,1
1,2,1,0,1,0,1,0,2,1
1,2,1,0,1,0,1,2,0,1
1,2,1,0,1,0,0,2,1,1
1,2,1,0,1,0,2,0,1,1
1,2,1,0,1,2,1,0,0,1
1,2,1,0,1,2,0,0,1,1
1,2,1,0,0,1,0,2,1,1
1,2,1,0,0,1,2,0,1,1
1,2,1,0,2,1,0,0,1,1
1,2,1,2,1,0,1,0,0,1
1,2,1,2,1,0,0,0,1,1
1,2,1,2,0,1,0,0,1,1
1,2,0,1,1,1,0,0,2,1
1,2,0,1,1,1,0,2,0,1
1,2,0,1,1,1,2,0,0,1
1,2,0,1,1,0,1,0,2,1
1,2,0,1,1,0,0,2,1,1
1,2,0,1,1,0,2,0,1,1
1,2,0,1,1,2,1,0,0,1
1,2,0,1,1,2,0,0,1,1
1,2,0,1,0,1,1,0,2,1
1,2,0,1,0,1,1,2,0,1
1,2,0,1,0,0,1,1,2,1
1,2,0,1,0,0,1,2,1,1
1,2,0,1,0,2,1,1,0,1
1,2,0,1,0,2,1,0,1,1
1,2,0,1,0,2,1,2,2,1
1,2,0,1,2,1,1,0,0,1
1,2,0,1,2,0,1,0,1,1
1,2,0,1,2,0,1,2,2,1
1,2,0,1,2,2,1,0,2,1
1,2,0,1,2,2,1,2,0,1
1,2,0,0,1,1,0,2,1,1
1,2,0,0,1,1,2,0,1,1
1,2,0,0,1,0,1,2,1,1
1,2,0,0,1,0,2,1,1,1
1,2,0,0,1,2,1,0,1,1
1,2,0,0,1,2,0,1,1,1
1,2,0,0,1,2,2,2,1,1
1,2,0,0,0,2,1,1,1,1
1,2,0,0,2,0,1,1,1,1
1,2,0,2,1,1,0,0,1,1
1,2,0,2,1,0,1,0,1,1
1,2,0,2,1,0,0,1,1,1
1,2,0,2,1,0,2,2,1,1
1,2,0,2,1,2,0,2,1,1
1,2,0,2,1,2,2,0,1,1
1,2,0,2,0,0,1,1,1,1
1,2,2,1,1,0,1,0,0,1
1,2,2,1,1,0,0,0,1,1
1,2,2,1,0,1,1,0,0,1
1,2,2,1,0,0,1,1,0,1
1,2,2,1,0,0,1,0,1,1
1,2,2,1,0,0,1,2,2,1
1,2,2,1,0,2,1,0,2,1
1,2,2,1,0,2,1,2,0,1
1,2,2,1,2,0,1,0,2,1
1,2,2,1,2,0,1,2,0,1
1,2,2,1,2,2,1,0,0,1
1,2,2,0,1,1,0,0,1,1
1,2,2,0,1,0,1,0,1,1
1,2,2,0,1,0,0,1,1,1
1,2,2,0,1,0,2,2,1,1
1,2,2,0,1,2,0,2,1,1
1,2,2,0,1,2,2,0,1,1
1,2,2,2,1,0,0,2,1,1
1,2,2,2,1,0,2,0,1,1
1,2,2,2,1,2,0,0,1,1
0,1,1,1,1,0,1,0,0,1
0,1,1,1,1,0,0,1,0,1
0,1,1,1,0,1,0,0,1,1
0,1,1,0,1,1,1,0,0,1
0,1,1,0,1,0,1,1,0,1
0,1,1,0,1,0,1,0,1,1
0,1,1,0,1,0,1,2,2,1
0,1,1,0,1,0,2,1,2,1
0,1,1,0,1,2,1,0,2,1
0,1,1,0,1,2,1,2,0,1
0,1,1,0,1,2,2,1,0,1
0,1,1,0,0,1,1,0,1,1
0,1,1,0,0,1,2,2,1,1
0,1,1,0,2,1,2,0,1,1
0,1,1,2,1,0,1,0,2,1
0,1,1,2,1,0,1,2,0,1
0,1,1,2,1,0,0,1,2,1
0,1,1,2,1,0,2,1,0,1
0,1,1,2,1,2,1,0,0,1
0,1,1,2,1,2,0,1,0,1
0,1,1,2,0,1,0,2,1,1
0,1,1,2,0,1,2,0,1,1
0,1,1,2,2,1,0,0,1,1
0,1,0,1,1,1,1,0,0,1
0,1,0,1,1,1,0,1,0,1
0,1,0,1,1,1,0,0,1,1
0,1,0,1,1,1,0,2,2,1
0,1,0,1,1,1,2,0,2,1
0,1,0,1,1,1,2,2,0,1
0,1,0,1,1,0,0,1,1,1
0,1,0,1,1,0,2,1,2,1
0,1,0,1,1,2,0,1,2,1
0,1,0,1,1,2,2,1,0,1
0,1,0,1,0,0,1,1,1,1
0,1,0,0,1,1,1,1,0,1
0,1,0,0,1,1,2,1,2,1
0,1,0,0,1,0,1,1,1,1
0,1,0,0,1,2,1,1,2,1
0,1,0,0,1,2,2,1,1,1
0,1,0,0,0,1,1,1,1,1
0,1,0,0,2,2,1,1,1,1
0,1,0,2,1,1,0,1,2,1
0,1,0,2,1,1,2,1,0,1
0,1,0,2,1,0,1,1,2,1
0,1,0,2,1,0,2,1,1,1
0,1,0,2,1,2,1,1,0,1
0,1,0,2,1,2,0,1,1,1
0,1,0,2,1,2,2,1,2,1
0,1,0,2,0,2,1,1,1,1
0,1,0,2,2,0,1,1,1,1
0,1,2,1,1,1,0,0,2,1
0,1,2,1,1,1,0,2,0,1
0,1,2,1,1,1,2,0,0,1
0,1,2,1,1,0,0,1,2,1
0,1,2,1,1,0,2,1,0,1
0,1,2,1,1,2,0,1,0,1
0,1,2,0,1,1,2,1,0,1
0,1,2,0,1,0,1,1,2,1
0,1,2,0,1,0,2,1,1,1
0,1,2,0,1,2,1,1,0,1
0,1,2,0,1,2,2,1,2,1
0,1,2,0,0,2,1,1,1,1
0,1,2,0,2,0,1,1,1,1
0,1,2,2,1,1,0,1,0,1
0,1,2,2,1,0,1,1,0,1
0,1,2,2,1,0,0,1,1,1
0,1,2,2,1,0,2,1,2,1
0,1,2,2,1,2,0,1,2,1
0,1,2,2,1,2,2,1,0,1
0,1,2,2,0,0,1,1,1,1
0,0,1,1,1,1,1,0,0,1
0,0,1,1,1,1,0,1,0,1
0,0,1,1,1,1,0,0,1,1
0,0,1,1,1,1,0,2,2,1
0,0,1,1,1,1,2,0,2,1
0,0,1,1,1,1,2,2,0,1
0,0,1,1,1,0,1,1,0,1
0,0,1,1,1,0,1,0,1,1
0,0,1,1,1,0,1,2,2,1
0,0,1,1,1,2,1,0,2,1
0,0,1,1,1,2,1,2,0,1
0,0,1,1,0,1,0,1,1,1
0,0,1,1,0,1,2,2,1,1
0,0,1,1,0,0,1,1,1,1
0,0,1,1,2,1,0,2,1,1
0,0,1,1,2,1,2,0,1,1
0,0,1,0,1,1,1,1,0,1
0,0,1,0,1,1,1,0,1,1
0,0,1,0,1,1,1,2,2,1
0,0,1,0,1,1,2,2,1,1
0,0,1,0,1,0,1,1,1,1
0,0,1,0,1,2,1,1,2,1
0,0,1,0,1,2,1,2,1,1
0,0,1,0,0,1,1,1,1,1
0,0,1,0,2,1,1,2,1,1
0,0,1,0,2,1,2,1,1,1
0,0,1,0,2,2,1,1,1,1
0,0,1,2,1,1,1,0,2,1
0,0,1,2,1,1,1,2,0,1
0,0,1,2,1,1,0,2,1,1
0,0,1,2,1,1,2,0,1,1
0,0,1,2,1,0,1,1,2,1
0,0,1,2,1,0,1,2,1,1
0,0,1,2,1,2,1,1,0,1
0,0,1,2,1,2,1,0,1,1
0,0,1,2,1,2,1,2,2,1
0,0,1,2,0,1,1,2,1,1
0,0,1,2,0,1,2,1,1,1
0,0,1,2,0,2,1,1,1,1
0,0,1,2,2,1,1,0,1,1
0,0,1,2,2,1,0,1,1,1
0,0,1,2,2,1,2,2,1,1
0,0,1,2,2,0,1,1,1,1
0,0,2,1,1,1,1,0,2,1
0,0,2,1,1,1,1,2,0,1
0,0,2,1,1,1,0,1,2,1
0,0,2,1,1,1,0,2,1,1
0,0,2,1,1,1,2,1,0,1
0,0,2,1,1,1,2,0,1,1
0,0,2,1,1,1,2,2,2,1
0,0,2,1,0,2,1,1,1,1
0,0,2,1,2,0,1,1,1,1
0,0,2,0,1,2,1,1,1,1
0,0,2,0,2,1,1,1,1,1
0,0,2,2,1,0,1,1,1,1
0,0,2,2,0,1,1,1,1,1
0,0,2,2,2,2,1,1,1,1
0,2,1,1,1,1,0,0,2,1
0,2,1,1,1,1,0,2,0,1
0,2,1,1,1,1,2,0,0,1
0,2,1,1,1,0,1,0,2,1
0,2,1,1,1,0,1,2,0,1
0,2,1,1,1,2,1,0,0,1
0,2,1,1,0,1,0,2,1,1
0,2,1,1,0,1,2,0,1,1
0,2,1,1,2,1,0,0,1,1
0,2,1,0,1,1,1,0,2,1
0,2,1,0,1,1,1,2,0,1
0,2,1,0,1,1,2,0,1,1
0,2,1,0,1,0,1,1,2,1
0,2,1,0,1,0,1,2,1,1
0,2,1,0,1,2,1,1,0,1
0,2,1,0,1,2,1,0,1,1
0,2,1,0,1,2,1,2,2,1
0,2,1,0,0,1,1,2,1,1
0,2,1,0,0,1,2,1,1,1
0,2,1,0,0,2,1,1,1,1
0,2,1,0,2,1,1,0,1,1
0,2,1,0,2,1,2,2,1,1
0,2,1,0,2,0,1,1,1,1
0,2,1,2,1,1,1,0,0,1
0,2,1,2,1,1,0,0,1,1
0,2,1,2,1,0,1,1,0,1
0,2,1,2,1,0,1,0,1,1
0,2,1,2,1,0,1,2,2,1
0,2,1,2,1,2,1,0,2,1
0,2,1,2,1,2,1,2,0,1
0,2,1,2,0,1,1,0,1,1
0,2,1,2,0,1,0,1,1,1
0,2,1,2,0,1,2,2,1,1
0,2,1,2,0,0,1,1,1,1
0,2,1,2,2,1,0,2,1,1
0,2,1,2,2,1,2,0,1,1
0,2,0,1,1,1,1,0,2,1
0,2,0,1,1,1,1,2,0,1
0,2,0,1,1,1,0,1,2,1
0,2,0,1,1,1,0,2,1,1
0,2,0,1,1,1,2,1,0,1
0,2,0,1,1,1,2,0,1,1
0,2,0,1,1,1,2,2,2,1
0,2,0,1,0,2,1,1,1,1
0,2,0,1,2,0,1,1,1,1
0,2,0,0,1,2,1,1,1,1
0,2,0,0,2,1,1,1,1,1
0,2,0,2,1,0,1,1,1,1
0,2,0,2,0,1,1,1,1,1
0,2,0,2,2,2,1,1,1,1
0,2,2,1,1,1,1,0,0,1
0,2,2,1,1,1,0,1,0,1
0,2,2,1,1,1,0,0,1,1
0,2,2,1,1,1,0,2,2,1
0,2,2,1,1,1,2,0,2,1
0,2,2,1,1,1,2,2,0,1
0,2,2,1,0,0,1,1,1,1
0,2,2,0,1,0,1,1,1,1
0,2,2,0,0,1,1,1,1,1
0,2,2,0,2,2,1,1,1,1
0,2,2,2,0,2,1,1,1,1
0,2,2,2,2,0,1,1,1,1
2,1,1,0,1,0,1,0,2,1
2,1,1,0,1,0,1,2,0,1
2,1,1,0,1,0,0,1,2,1
2,1,1,0,1,0,2,1,0,1
2,1,1,0,1,2,1,0,0,1
2,1,1,0,1,2,0,1,0,1
2,1,1,0,0,1,0,2,1,1
2,1,1,0,0,1,2,0,1,1
2,1,1,0,2,1,0,0,1,1
2,1,1,2,1,0,1,0,0,1
2,1,1,2,1,0,0,1,0,1
2,1,1,2,0,1,0,0,1,1
2,1,0,1,1,1,0,0,2,1
2,1,0,1,1,1,0,2,0,1
2,1,0,1,1,1,2,0,0,1
2,1,0,1,1,0,0,1,2,1
2,1,0,1,1,2,0,1,0,1
2,1,0,0,1,1,0,1,2,1
2,1,0,0,1,1,2,1,0,1
2,1,0,0,1,0,1,1,2,1
2,1,0,0,1,0,2,1,1,1
2,1,0,0,1,2,1,1,0,1
2,1,0,0,1,2,0,1,1,1
2,1,0,0,1,2,2,1,2,1
2,1,0,0,0,2,1,1,1,1
2,1,0,0,2,0,1,1,1,1
2,1,0,2,1,1,0,1,0,1
2,1,0,2,1,0,0,1,1,1
2,1,0,2,1,0,2,1,2,1
2,1,0,2,1,2,0,1,2,1
2,1,0,2,1,2,2,1,0,1
2,1,0,2,0,0,1,1,1,1
2,1,2,1,1,0,0,1,0,1
2,1,2,0,1,1,0,1,0,1
2,1,2,0,1,0,1,1,0,1
2,1,2,0,1,0,0,1,1,1
2,1,2,0,1,0,2,1,2,1
2,1,2,0,1,2,0,1,2,1
2,1,2,0,1,2,2,1,0,1
2,1,2,2,1,0,0,1,2,1
2,1,2,2,1,0,2,1,0,1
2,1,2,2,1,2,0,1,0,1
2,0,1,1,1,1,0,0,2,1
2,0,1,1,1,1,0,2,0,1
2,0,1,1,1,1,2,0,0,1
2,0,1,1,1,0,1,0,2,1
2,0,1,1,1,0,1,2,0,1
2,0,1,1,1,2,1,0,0,1
2,0,1,1,0,1,0,2,1,1
2,0,1,1,2,1,0,0,1,1
2,0,1,0,1,1,1,0,2,1
2,0,1,0,1,1,1,2,0,1
2,0,1,0,1,1,0,2,1,1
2,0,1,0,1,1,2,0,1,1
2,0,1,0,1,0,1,1,2,1
2,0,1,0,1,0,1,2,1,1
2,0,1,0,1,2,1,1,0,1
2,0,1,0,1,2,1,0,1,1
2,0,1,0,1,2,1,2,2,1
2,0,1,0,0,1,1,2,1,1
2,0,1,0,0,1,2,1,1,1
2,0,1,0,0,2,1,1,1,1
2,0,1,0,2,1,1,0,1,1
2,0,1,0,2,1,0,1,1,1
2,0,1,0,2,1,2,2,1,1
2,0,1,0,2,0,1,1,1,1
2,0,1,2,1,1,1,0,0,1
2,0,1,2,1,1,0,0,1,1
2,0,1,2,1,0,1,1,0,1
2,0,1,2,1,0,1,0,1,1
2,0,1,2,1,0,1,2,2,1
2,0,1,2,1,2,1,0,2,1
2,0,1,2,1,2,1,2,0,1
2,0,1,2,0,1,0,1,1,1
2,0,1,2,0,1,2,2,1,1
2,0,1,2,0,0,1,1,1,1
2,0,1,2,2,1,0,2,1,1
2,0,1,2,2,1,2,0,1,1
2,0,0,1,1,1,1,0,2,1
2,0,0,1,1,1,1,2,0,1
2,0,0,1,1,1,0,1,2,1
2,0,0,1,1,1,0,2,1,1
2,0,0,1,1,1,2,1,0,1
2,0,0,1,1,1,2,0,1,1
2,0,0,1,1,1,2,2,2,1
2,0,0,1,0,2,1,1,1,1
2,0,0,1,2,0,1,1,1,1
2,0,0,0,1,2,1,1,1,1
2,0,0,0,2,1,1,1,1,1
2,0,0,2,1,0,1,1,1,1
2,0,0,2,0,1,1,1,1,1
2,0,0,2,2,2,1,1,1,1
2,0,2,1,1,1,1,0,0,1
2,0,2,1,1,1,0,1,0,1
2,0,2,1,1,1,0,0,1,1
2,0,2,1,1,1,0,2,2,1
2,0,2,1,1,1,2,0,2,1
2,0,2,1,1,1,2,2,0,1
2,0,2,1,0,0,1,1,1,1
2,0,2,0,1,0,1,1,1,1
2,0,2,0,0,1,1,1,1,1
2,0,2,0,2,2,1,1,1,1
2,0,2,2,0,2,1,1,1,1
2,0,2,2,2,0,1,1,1,1
2,2,1,1,1,0,1,0,0,1
2,2,1,1,0,1,0,0,1,1
2,2,1,0,1,1,1,0,0,1
2,2,1,0,1,1,0,0,1,1
2,2,1,0,1,0,1,1,0,1
2,2,1,0,1,0,1,0,1,1
2,2,1,0,1,0,1,2,2,1
2,2,1,0,1,2,1,0,2,1
2,2,1,0,1,2,1,2,0,1
2,2,1,0,0,1,1,0,1,1
2,2,1,0,0,1,0,1,1,1
2,2,1,0,0,1,2,2,1,1
2,2,1,0,2,1,0,2,1,1
2,2,1,0,2,1,2,0,1,1
2,2,1,2,1,0,1,0,2,1
2,2,1,2,1,0,1,2,0,1
2,2,1,2,1,2,1,0,0,1
2,2,1,2,0,1,0,2,1,1
2,2,1,2,0,1,2,0,1,1
2,2,1,2,2,1,0,0,1,1
2,2,0,1,1,1,1,0,0,1
2,2,0,1,1,1,0,1,0,1
2,2,0,1,1,1,0,0,1,1
2,2,0,1,1,1,0,2,2,1
2,2,0,1,1,1,2,0,2,1
2,2,0,1,1,1,2,2,0,1
2,2,0,1,0,0,1,1,1,1
2,2,0,0,1,0,1,1,1,1
2,2,0,0,0,1,1,1,1,1
2,2,0,0,2,2,1,1,1,1
2,2,0,2,0,2,1,1,1,1
2,2,0,2,2,0,1,1,1,1
2,2,2,1,1,1,0,0,2,1
2,2,2,1,1,1,0,2,0,1
2,2,2,1,1,1,2,0,0,1
2,2,2,0,0,2,1,1,1,1
2,2,2,0,2,0,1,1,1,1
2,2,2,2,0,0,1,1,1,1
1,1,0,1,1,0,0,2,0,0
1,1,0,1,1,0,2,0,0,0
1,1,0,1,1,2,0,0,0,0
1,1,0,1,0,1,0,0,2,0
1,1,0,1,0,1,0,2,0,0
1,1,0,1,0,0,0,1,2,0
1,1,0,1,0,0,0,2,1,0
1,1,0,1,0,0,2,1,0,0
1,1,0,1,0,2,0,1,0,0
1,1,0,1,0,2,0,0,1,0
1,1,0,1,0,2,0,2,2,0
1,1,0,1,2,1,0,0,0,0
1,1,0,1,2,0,0,1,0,0
1,1,0,1,2,0,2,2,0,0
1,1,0,0,1,0,1,2,0,0
1,1,0,0,0,1,0,1,2,0
1,1,0,0,0,1,0,2,1,0
1,1,0,0,0,0,1,1,2,0
1,1,0,0,0,0,1,2,1,0
1,1,0,0,0,0,2,1,1,0
1,1,0,0,0,2,0,1,1,0
1,1,0,0,2,0,1,1,0,0
1,1,0,2,1,1,0,0,0,0
1,1,0,2,1,0,1,0,0,0
1,1,0,2,1,0,2,2,0,0
1,1,0,2,0,1,0,1,0,0
1,1,0,2,0,1,0,0,1,0
1,1,0,2,0,1,0,2,2,0
1,1,0,2,0,0,1,1,0,0
1,1,0,2,0,0,0,1,1,0
1,1,0,2,0,2,0,1,2,0
1,1,0,2,0,2,0,2,1,0
1,1,0,2,2,0,1,2,0,0
1,1,0,2,2,0,2,1,0,0
1,1,2,1,1,0,0,0,0,0
1,1,2,1,0,1,0,0,0,0
1,1,2,1,2,2,0,0,0,0
1,1,2,0,1,1,0,0,0,0
1,1,2,0,0,0,1,1,0,0
1,1,2,0,0,0,1,0,1,0
1,1,2,0,0,0,1,2,2,0
1,1,2,0,0,0,0,1,1,0
1,1,2,0,0,0,2,1,2,0
1,1,2,0,0,0,2,2,1,0
1,1,2,2,1,2,0,0,0,0
1,1,2,2,2,1,0,0,0,0
1,0,1,1,1,2,0,0,0,0
1,0,1,1,0,1,0,0,2,0
1,0,1,1,0,1,2,0,0,0
1,0,1,1,0,0,2,0,1,0
1,0,1,1,0,2,0,0,1,0
1,0,1,1,0,2,2,0,2,0
1,0,1,1,2,1,0,0,0,0
1,0,1,0,0,1,1,0,2,0
1,0,1,0,0,0,1,1,2,0
1,0,1,0,0,0,1,2,1,0
1,0,1,0,0,0,2,1,1,0
1,0,1,0,0,2,1,0,1,0
1,0,1,2,1,1,0,0,0,0
1,0,1,2,0,1,1,0,0,0
1,0,1,2,0,1,2,0,2,0
1,0,1,2,0,0,1,0,1,0
1,0,1,2,0,2,1,0,2,0
1,0,1,2,0,2,2,0,1,0
1,0,0,1,1,0,2,1,0,0
1,0,0,1,0,1,0,1,2,0
1,0,0,1,0,1,0,2,1,0
1,0,0,1,0,1,2,0,1,0
1,0,0,1,0,2,0,1,1,0
1,0,0,2,1,0,1,1,0,0
1,0,0,2,0,1,1,0,1,0
1,0,0,2,0,1,0,1,1,0
1,0,2,1,0,1,0,0,1,0
1,0,2,1,0,1,2,0,2,0
1,0,2,1,0,2,2,0,1,0
1,0,2,0,0,1,1,0,1,0
1,0,2,2,0,1,1,0,2,0
1,0,2,2,0,1,2,0,1,0
1,0,2,2,0,2,1,0,1,0
1,2,1,1,1,0,0,0,0,0
1,2,1,1,0,1,0,0,0,0
1,2,1,1,2,2,0,0,0,0
1,2,1,0,1,1,0,0,0,0
1,2,1,0,0,0,1,1,0,0
1,2,1,0,0,0,1,0,1,0
1,2,1,0,0,0,1,2,2,0
1,2,1,0,0,0,0,1,1,0
1,2,1,0,0,0,2,1,2,0
1,2,1,0,0,0,2,2,1,0
1,2,1,2,1,2,0,0,0,0
1,2,1,2,2,1,0,0,0,0
1,2,0,1,1,0,0,1,0,0
1,2,0,1,1,0,2,2,0,0
1,2,0,1,0,1,0,1,0,0
1,2,0,1,0,1,0,0,1,0
1,2,0,1,0,1,0,2,2,0
1,2,0,1,0,0,0,1,1,0
1,2,0,1,0,2,0,1,2,0
1,2,0,1,0,2,0,2,1,0
1,2,0,1,2,0,2,1,0,0
1,2,0,0,1,0,1,1,0,0
1,2,0,0,0,1,0,1,1,0
1,2,0,2,1,0,1,2,0,0
1,2,0,2,1,0,2,1,0,0
1,2,0,2,0,1,0,1,2,0
1,2,0,2,0,1,0,2,1,0
1,2,0,2,0,2,0,1,1,0
1,2,0,2,2,0,1,1,0,0
1,2,2,1,1,2,0,0,0,0
1,2,2,1,2,1,0,0,0,0
1,2,2,0,0,0,1,1,2,0
1,2,2,0,0,0,1,2,1,0
1,2,2,0,0,0,2,1,1,0
1,2,2,2,1,1,0,0,0,0
0,1,1,1,1,2,0,0,0,0
0,1,1,1,0,1,0,2,0,0
0,1,1,1,0,1,2,0,0,0
0,1,1,1,0,0,1,2,0,0
0,1,1,1,0,0,2,1,0,0
0,1,1,1,0,2,1,0,0,0
0,1,1,1,0,2,0,1,0,0
0,1,1,1,0,2,2,2,0,0
0,1,1,1,2,1,0,0,0,0
0,1,1,0,1,1,0,0,2,0
0,1,1,0,1,1,0,2,0,0
0,1,1,0,1,0,0,2,1,0
0,1,1,0,1,2,0,0,1,0
0,1,1,0,1,2,0,2,2,0
0,1,1,0,0,1,1,2,0,0
0,1,1,0,0,1,0,1,2,0
0,1,1,0,0,1,2,1,0,0
0,1,1,0,0,0,1,1,2,0
0,1,1,0,0,0,1,2,1,0
0,1,1,0,0,0,2,1,1,0
0,1,1,0,0,2,1,1,0,0
0,1,1,0,0,2,0,1,1,0
0,1,1,0,2,1,0,1,0,0
0,1,1,0,2,1,0,2,2,0
0,1,1,0,2,0,0,1,1,0
0,1,1,0,2,2,0,1,2,0
0,1,1,0,2,2,0,2,1,0
0,1,1,2,1,1,0,0,0,0
0,1,1,2,0,1,1,0,0,0
0,1,1,2,0,1,0,1,0,0
0,1,1,2,0,1,2,2,0,0
0,1,1,2,0,0,1,1,0,0
0,1,1,2,0,2,1,2,0,0
0,1,1,2,0,2,2,1,0,0
0,1,0,1,1,0,1,2,0,0
0,1,0,1,0,1,1,2,0,0
0,1,0,1,0,1,0,1,2,0
0,1,0,1,0,1,0,2,1,0
0,1,0,1,0,1,2,1,0,0
0,1,0,1,0,2,1,1,0,0
0,1,0,1,0,2,0,1,1,0
0,1,0,1,2,0,1,1,0,0
0,1,0,0,1,1,0,2,1,0
0,1,0,0,2,1,0,1,1,0
0,1,0,2,0,1,1,1,0,0
0,1,0,2,0,1,0,1,1,0
0,1,2,1,0,1,1,0,0,0
0,1,2,1,0,1,0,1,0,0
0,1,2,1,0,1,2,2,0,0
0,1,2,1,0,0,1,1,0,0
0,1,2,1,0,2,1,2,0,0
0,1,2,1,0,2,2,1,0,0
0,1,2,0,1,1,0,0,1,0
0,1,2,0,1,1,0,2,2,0
0,1,2,0,1,2,0,2,1,0
0,1,2,0,0,1,1,1,0,0
0,1,2,0,0,1,0,1,1,0
0,1,2,0,2,1,0,1,2,0
0,1,2,0,2,1,0,2,1,0
0,1,2,0,2,2,0,1,1,0
0,1,2,2,0,1,1,2,0,0
0,1,2,2,0,1,2,1,0,0
0,1,2,2,0,2,1,1,0,0
0,0,1,1,0,1,1,0,2,0
0,0,1,1,0,1,1,2,0,0
0,0,1,1,0,1,2,1,0,0
0,0,1,1,0,2,1,1,0,0
0,0,1,1,0,2,1,0,1,0
0,0,1,0,1,1,0,1,2,0
0,0,1,0,1,2,0,1,1,0
0,0,1,2,0,1,1,1,0,0
0,0,0,1,1,0,1,1,2,0
0,0,0,1,1,0,1,2,1,0
0,0,0,1,1,0,2,1,1,0
0,0,0,1,1,2,1,1,0,0
0,0,0,1,1,2,1,0,1,0
0,0,0,1,1,2,1,2,2,0
0,0,0,1,1,2,0,1,1,0
0,0,0,1,1,2,2,1,2,0
0,0,0,1,1,2,2,2,1,0
0,0,0,1,0,1,1,1,2,0
0,0,0,1,0,1,1,2,1,0
0,0,0,1,0,1,2,1,1,0
0,0,0,1,2,1,1,1,0,0
0,0,0,1,2,1,1,0,1,0
0,0,0,1,2,1,1,2,2,0
0,0,0,1,2,1,0,1,1,0
0,0,0,1,2,1,2,1,2,0
0,0,0,1,2,1,2,2,1,0
0,0,0,1,2,2,1,1,2,0
0,0,0,1,2,2,1,2,1,0
0,0,0,1,2,2,2,1,1,0
0,0,0,0,1,1,1,1,2,0
0,0,0,0,1,1,1,2,1,0
0,0,0,0,1,1,2,1,1,0
0,0,0,2,1,1,1,1,0,0
0,0,0,2,1,1,1,0,1,0
0,0,0,2,1,1,1,2,2,0
0,0,0,2,1,1,0,1,1,0
0,0,0,2,1,1,2,1,2,0
0,0,0,2,1,1,2,2,1,0
0,0,0,2,1,2,1,1,2,0
0,0,0,2,1,2,1,2,1,0
0,0,0,2,1,2,2,1,1,0
0,0,0,2,2,1,1,1,2,0
0,0,0,2,2,1,1,2,1,0
0,0,0,2,2,1,2,1,1,0
0,0,2,1,0,1,1,1,0,0
0,0,2,1,0,1,1,0,1,0
0,0,2,0,1,1,0,1,1,0
0,2,1,1,0,1,1,0,0,0
0,2,1,1,0,1,0,1,0,0
0,2,1,1,0,1,2,2,0,0
0,2,1,1,0,0,1,1,0,0
0,2,1,1,0,2,1,2,0,0
0,2,1,1,0,2,2,1,0,0
0,2,1,0,1,1,0,1,0,0
0,2,1,0,1,1,0,2,2,0
0,2,1,0,1,0,0,1,1,0
0,2,1,0,1,2,0,1,2,0
0,2,1,0,1,2,0,2,1,0
0,2,1,0,0,1,1,1,0,0
0,2,1,0,2,1,0,1,2,0
0,2,1,0,2,2,0,1,1,0
0,2,1,2,0,1,1,2,0,0
0,2,1,2,0,1,2,1,0,0
0,2,1,2,0,2,1,1,0,0
0,2,0,1,1,0,1,1,0,0
0,2,0,1,0,1,1,1,0,0
0,2,0,1,0,1,0,1,1,0
0,2,0,0,1,1,0,1,1,0
0,2,2,1,0,1,1,2,0,0
0,2,2,1,0,1,2,1,0,0
0,2,2,1,0,2,1,1,0,0
0,2,2,0,1,1,0,1,2,0
0,2,2,0,1,1,0,2,1,0
0,2,2,0,1,2,0,1,1,0
0,2,2,0,2,1,0,1,1,0
0,2,2,2,0,1,1,1,0,0
2,1,1,1,1,0,0,0,0,0
2,1,1,1,0,1,0,0,0,0
2,1,1,1,2,2,0,0,0,0
2,1,1,0,1,1,0,0,0,0
2,1,1,0,0,0,1,1,0,0
2,1,1,0,0,0,1,0,1,0
2,1,1,0,0,0,1,2,2,0
2,1,1,0,0,0,0,1,1,0
2,1,1,0,0,0,2,1,2,0
2,1,1,0,0,0,2,2,1,0
2,1,1,2,1,2,0,0,0,0
2,1,1,2,2,1,0,0,0,0
2,1,0,1,1,0,1,0,0,0
2,1,0,1,1,0,2,2,0,0
2,1,0,1,0,1,0,1,0,0
2,1,0,1,0,1,0,0,1,0
2,1,0,1,0,1,0,2,2,0
2,1,0,1,0,0,1,1,0,0
2,1,0,1,0,0,0,1,1,0
2,1,0,1,0,2,0,1,2,0
2,1,0,1,0,2,0,2,1,0
2,1,0,1,2,0,1,2,0,0
2,1,0,1,2,0,2,1,0,0
2,1,0,0,0,1,0,1,1,0
2,1,0,2,1,0,1,2,0,0
2,1,0,2,0,1,0,1,2,0
2,1,0,2,0,1,0,2,1,0
2,1,0,2,0,2,0,1,1,0
2,1,0,2,2,0,1,1,0,0
2,1,2,1,1,2,0,0,0,0
2,1,2,1,2,1,0,0,0,0
2,1,2,0,0,0,1,1,2,0
2,1,2,0,0,0,1,2,1,0
2,1,2,0,0,0,2,1,1,0
2,1,2,2,1,1,0,0,0,0
2,0,1,1,0,1,1,0,0,0
2,0,1,1,0,1,2,0,2,0
2,0,1,1,0,0,1,0,1,0
2,0,1,1,0,2,1,0,2,0
2,0,1,1,0,2,2,0,1,0
2,0,1,2,0,1,1,0,2,0
2,0,1,2,0,2,1,0,1,0
2,0,0,1,1,0,1,1,0,0
2,0,0,1,0,1,1,0,1,0
2,0,0,1,0,1,0,1,1,0
2,0,2,1,0,1,1,0,2,0
2,0,2,1,0,1,2,0,1,0
2,0,2,1,0,2,1,0,1,0
2,0,2,2,0,1,1,0,1,0
2,2,1,1,1,2,0,0,0,0
2,2,1,1,2,1,0,0,0,0
2,2,1,0,0,0,1,1,2,0
2,2,1,0,0,0,1,2,1,0
2,2,1,0,0,0,2,1,1,0
2,2,1,2,1,1,0,0,0,0
2,2,0,1,1,0,1,2,0,0
2,2,0,1,1,0,2,1,0,0
2,2,0,1,0,1,0,1,2,0
2,2,0,1,0,1,0,2,1,0
2,2,0,1,0,2,0,1,1,0
2,2,0,1,2,0,1,1,0,0
2,2,0,2,1,0,1,1,0,0
2,2,0,2,0,1,0,1,1,0
1,1,0,0,1,1,1,0,0,0
1,1,0,0,0,1,1,1,0,0
1,1,0,0,0,1,1,0,1,0
1,0,1,1,1,0,0,1,0,0
1,0,1,1,0,1,0,1,0,0
1,0,1,1,0,0,0,1,1,0
1,0,1,0,1,1,0,1,0,0
1,0,1,0,0,1,1,1,0,0
1,0,0,0,1,1,1,1,0,0
0,1,1,1,1,0,0,0,1,0
0,1,1,1,0,0,1,0,1,0
0,1,1,1,0,0,0,1,1,0
0,1,0,1,1,0,1,0,1,0
0,1,0,1,0,1,1,0,1,0
0,1,0,0,1,1,1,0,1,0
0,0,1,1,1,0,0,1,1,0
